job_no,box_no,first,last,date_received,lsn,sid
MLG. 01148,1 of 1,GLAB/ PC-MCS/2025/12/475/1,GLAB/ PC-MCS/2025/12/475/4,06/01/2026,CIK 25-383747,GLAB/ PC-MCS/2025/12/475/1
MLG.01163,1 of 1,GLAB/PC-MCS/2025/12/475-1,GLAB/PC-MCS/2025/12/475-4,2025-12-30 00:00:00,CIK 25-1579582,GLAB/PC-MCS/2025/12/475-1
MLG.01163,1 of 1,GLAB/PC-MCS/2025/12/475-1,GLAB/PC-MCS/2025/12/475-4,2025-12-30 00:00:00,CIK 25-1579582,GLAB/PC-MCS/2025/12/475-1
,,,,,,
,,,,,,
,,,,,,
,,,,,,
,,,,,,
,,,,,,
,,,,,,
MLG.01163,1 of 1,GLAB/PC-MCS/2025/12/475-1,GLAB/PC-MCS/2025/12/475-4,2025-12-30 00:00:00,CIK 25-1579582,GLAB/PC-MCS/2025/12/475-1
MLG.01163,1 of 1,GLAB/PC-MCS/2025/12/475-1,GLAB/PC-MCS/2025/12/475-4,2025-12-30 00:00:00,CIK 25-1579582,GLAB/PC-MCS/2025/12/475-1
MLG.01163,1 of 1,GLAB/PC-MCS/2025/12/475-1,GLAB/PC-MCS/2025/12/475-4,30/12/25,CIK 25-1579582,GLAB/PC-MCS/2025/12/475-1
MLG.01163,1 of 1,GLAB/PC-MCS/2025/12/475-1,GLAB/PC-MCS/2025/12/475-4,30/12/25,CIK 25-1579582,GLAB/PC-MCS/2025/12/475-1
MLG.01163,1 of 1,GLAB/PC-MCS/2025/12/475-1,GLAB/PC-MCS/2025/12/475-4,30/12/25,CIK 25-1579582,GLAB/PC-MCS/2025/12/475-1
MLG.01163,1 of 1,GLAB/PC-MCS/2025/12/475-1,GLAB/PC-MCS/2025/12/475-4,30/12/25,CIK 25-1579582,GLAB/PC-MCS/2025/12/475-1
MLG.01163,,GLAB/PC-MCS/2025/12/475-1,GLAB/PC-MCS/2025/12/475-4,30/12/25,CIK 25-1579582,GLAB/PC-MCS/2025/12/475-1
MLG.01163,,GLAB/PC-MCS/2025/12/475-1,GLAB/PC-MCS/2025/12/475-4,30/12/25,CIK 25-1579582,GLAB/PC-MCS/2025/12/475-1
MLG.01163,1 of 1,GLAB/PC-MCS/2025/12/475-1,GLAB/PC-MCS/2025/12/475-4,30/12/2025,CIK 25-1579582,GLAB/PC-MCS/2025/12/475-1
MLG.01163,1 of 1,GLAB/PC-MCS/2025/12/475-1,GLAB/PC-MCS/2025/12/475-4,30/12/25,CIK 25-1579582,GLAB/PC-MCS/2025/12/475-1
MLG.01163,1 of 1,GLAB/PC-MCS/2025/12/475-1,GLAB/PC-MCS/2025/12/475-4,30/12/25,CIK 25-1579583,GLAB/PC-MCS/2025/12/475-1
MLG.01163,1 of 1,GLAB/PC-MCS/2025/12/475-1,GLAB/PC-MCS/2025/12/475-4,30/12/25,CIK 25-1579584,GLAB/PC-MCS/2025/12/475-1
MLG.01163,1 of 1,GLAB/PC-MCS/2025/12/475-1,GLAB/PC-MCS/2025/12/475-4,30/12/25,CIK 25-1579585,GLAB/PC-MCS/2025/12/475-1
MLG.01163,,GLAB/PC-MCS/2025/12/475-1,GLAB/PC-MCS/2025/12/475-4,30/12/25,CIK 25-1579582,GLAB/PC-MCS/2025/12/475-1
MLG.01163,,GLAB/PC-MCS/2025/12/475-1,GLAB/PC-MCS/2025/12/475-4,30/12/25,CIK 25-1579582,GLAB/PC-MCS/2025/12/475-1
MLG.01163,,GLAB/PC-MCS/2025/12/475-1,GLAB/PC-MCS/2025/12/475-4,30/12/25,CIK 25-1579582,GLAB/PC-MCS/2025/12/475-1
MLG.01163,,GLAB/PC-MCS/2025/12/475-1,GLAB/PC-MCS/2025/12/475-4,30/12/25,CIK 25-1579583,GLAB/PC-MCS/2025/12/475-1
MLG.01163,,GLAB/PC-MCS/2025/12/475-1,GLAB/PC-MCS/2025/12/475-4,30/12/25,CIK 25-1579584,GLAB/PC-MCS/2025/12/475-1
MLG.01163,,GLAB/PC-MCS/2025/12/475-1,GLAB/PC-MCS/2025/12/475-4,30/12/25,CIK 25-1579585,GLAB/PC-MCS/2025/12/475-1
MLG. 01164,1 OF 1,GLAB/PC-MCS/2025/12/476-1,GLAB/PC-MCS/2025/12/476-4,06/01/2026,CIK 26 - 1579583,GLAB/PC-MCS/2025/12/476-1
MLG. 01164,1 OF 1,GLAB/PC-MCS/2025/12/476-1,GLAB/PC-MCS/2025/12/476-4,06/01/2026,CIK 26 - 1579584,GLAB/PC-MCS/2025/12/476-1
MLG. 01164,1 OF 1,GLAB/PC-MCS/2025/12/476-1,GLAB/PC-MCS/2025/12/476-4,06/01/2026,CIK 26 - 1579585,GLAB/PC-MCS/2025/12/476-1
MLG.01165,,GLAB/PC-MCS/2025/12/476-1,GLAB/PC-MCS/2025/12/476-4,06/01/2026,CIK 25-1579590,GLAB/PC-MCS/2025/12/476-1
MLG.01165,,GLAB/PC-MCS/2025/12/476-1,GLAB/PC-MCS/2025/12/476-4,06/01/2026,CIK 25-1579591,GLAB/PC-MCS/2025/12/476-1
MLG.01165,,GLAB/PC-MCS/2025/12/476-1,GLAB/PC-MCS/2025/12/476-4,06/01/2026,CIK 25-1579592,GLAB/PC-MCS/2025/12/476-1
MLG.01163,1 Of 1,GLAB/PC-MCS/2025/12/475-1,GLAB/PC-MCS/2025/12/475-4,06/01/2026,CIK 25-1579582,GLAB/PC-MCS/2025/12/475-1
MLG.01163,1 Of 1,GLAB/PC-MCS/2025/12/475-1,GLAB/PC-MCS/2025/12/475-4,06/01/2026,CIK 25-1579583,GLAB/PC-MCS/2025/12/475-1
MLG.01163,1 Of 1,GLAB/PC-MCS/2025/12/475-1,GLAB/PC-MCS/2025/12/475-4,06/01/2026,CIK 25-1579584,GLAB/PC-MCS/2025/12/475-1
MLG.01163,1 Of 1,GLAB/PC-MCS/2025/12/475-1,GLAB/PC-MCS/2025/12/475-4,06/01/2026,CIK 25-1579585,GLAB/PC-MCS/2025/12/475-1
MLG.01163,,GLAB/PC-MCS/2025/12/475-1,GLAB/PC-MCS/2025/12/475-4,30/12/25,CIK 25-1579582,GLAB/PC-MCS/2025/12/475-1
MLG.01163,,GLAB/PC-MCS/2025/12/475-1,GLAB/PC-MCS/2025/12/475-4,30/12/25,CIK 25-1579583,GLAB/PC-MCS/2025/12/475-1
MLG.01163,,GLAB/PC-MCS/2025/12/475-1,GLAB/PC-MCS/2025/12/475-4,30/12/25,CIK 25-1579584,GLAB/PC-MCS/2025/12/475-1
MLG.01163,,GLAB/PC-MCS/2025/12/475-1,GLAB/PC-MCS/2025/12/475-4,30/12/25,CIK 25-1579582,GLAB/PC-MCS/2025/12/476-1
MLG.01163,,GLAB/PC-MCS/2025/12/475-1,GLAB/PC-MCS/2025/12/475-4,30/12/25,CIK 25-1579583,GLAB/PC-MCS/2025/12/476-1
MLG.01163,,GLAB/PC-MCS/2025/12/475-1,GLAB/PC-MCS/2025/12/475-4,30/12/25,CIK 25-1579584,GLAB/PC-MCS/2025/12/476-1
MLG.01164,,GLAB/PC-MCS/2025/12/476-1,GLAB/PC-MCS/2025/12/476-5,30/12/25,CIK 25-1579583,GLAB/PC-MCS/2025/12/475-2
MLG.01164,,GLAB/PC-MCS/2025/12/476-1,GLAB/PC-MCS/2025/12/476-5,30/12/25,CIK 25-1579584,GLAB/PC-MCS/2025/12/475-2
MLG.01164,,GLAB/PC-MCS/2025/12/476-1,GLAB/PC-MCS/2025/12/476-5,30/12/25,CIK 25-1579585,GLAB/PC-MCS/2025/12/475-2
MLG.01164,,GLAB/PC-MCS/2025/12/476-1,GLAB/PC-MCS/2025/12/476-5,30/12/25,CIK 25-1579586,GLAB/PC-MCS/2025/12/475-2
